id,pred
2016_1314_1462,0.511381
2016_1314_1452,0.675816
2016_1314_1323,0.900138
2016_1314_1458,0.796920
2016_1314_1425,0.857334
2016_1314_1344,0.859232
2016_1314_1338,0.898520
2016_1314_1409,0.398052
2016_1314_1392,0.897143
2016_1314_1372,0.568793
2016_1314_1451,0.588777
2016_1314_1438,0.204954
2016_1314_1428,0.231853
2016_1314_1345,0.200436
2016_1314_1371,0.230472
2016_1314_1403,0.246056
2016_1314_1393,0.242583
2016_1314_1437,0.874598
2016_1314_1396,0.902881
2016_1314_1435,0.895826
2016_1314_1455,0.889580
2016_1314_1355,0.899763
2016_1314_1421,0.903090
2016_1314_1332,0.893923
2016_1314_1328,0.888580
2016_1314_1401,0.889184
2016_1314_1400,0.901923
2016_1314_1333,0.903115
2016_1314_1386,0.895732
2016_1314_1433,0.893361
2016_1314_1320,0.903097
2016_1314_1463,0.898559
2016_1314_1423,0.899755
2016_1314_1453,0.904627
2016_1314_1380,0.905396
2016_1462_1463,0.894587
2016_1452_1462,0.474876
2016_1452_1458,0.578578
2016_1452_1455,0.880377
2016_1452_1463,0.897161
2016_1452_1453,0.906221
2016_1246_1314,0.284766
2016_1246_1462,0.678913
2016_1246_1452,0.493171
2016_1246_1323,0.564856
2016_1246_1458,0.572640
2016_1246_1425,0.383387
2016_1246_1344,0.897205
2016_1246_1338,0.560519
2016_1246_1276,0.563621
2016_1246_1409,0.570531
2016_1246_1392,0.807692
2016_1246_1372,0.540628
2016_1246_1451,0.572238
2016_1246_1438,0.183266
2016_1246_1277,0.156553
2016_1246_1428,0.218883
2016_1246_1345,0.180284
2016_1246_1371,0.215019
2016_1246_1403,0.242836
2016_1246_1393,0.237447
2016_1246_1292,0.242569
2016_1246_1437,0.859765
2016_1246_1274,0.886138
2016_1246_1268,0.886630
2016_1246_1396,0.902574
2016_1246_1435,0.891097
2016_1246_1455,0.877990
2016_1246_1355,0.894131
2016_1246_1421,0.899385
2016_1246_1332,0.883418
2016_1246_1328,0.880080
2016_1246_1401,0.879534
2016_1246_1400,0.900097
2016_1246_1333,0.903020
2016_1246_1386,0.888142
2016_1246_1433,0.886315
2016_1246_1320,0.900132
2016_1246_1463,0.892075
2016_1246_1423,0.895710
2016_1246_1453,0.901084
2016_1246_1380,0.904266
2016_1231_1314,0.188335
2016_1231_1462,0.884447
2016_1231_1452,0.121779
2016_1231_1246,0.567642
2016_1231_1323,0.898683
2016_1231_1458,0.580026
2016_1231_1425,0.152803
2016_1231_1344,0.899720
2016_1231_1338,0.566063
2016_1231_1276,0.568878
2016_1231_1409,0.580072
2016_1231_1392,0.750000
2016_1231_1372,0.546573
2016_1231_1451,0.600454
2016_1231_1438,0.197631
2016_1231_1277,0.163333
2016_1231_1428,0.230878
2016_1231_1235,0.226341
2016_1231_1345,0.192935
2016_1231_1371,0.229176
2016_1231_1403,0.244066
2016_1231_1393,0.239848
2016_1231_1233,0.253062
2016_1231_1292,0.256426
2016_1231_1242,0.874573
2016_1231_1437,0.868794
2016_1231_1274,0.889182
2016_1231_1268,0.889158
2016_1231_1234,0.890394
2016_1231_1396,0.904285
2016_1231_1435,0.895928
2016_1231_1455,0.884021
2016_1231_1355,0.900901
2016_1231_1421,0.905709
2016_1231_1332,0.891055
2016_1231_1328,0.885016
2016_1231_1401,0.887503
2016_1231_1400,0.900464
2016_1231_1333,0.903544
2016_1231_1386,0.895459
2016_1231_1433,0.892812
2016_1231_1320,0.905543
2016_1231_1463,0.899183
2016_1231_1423,0.900756
2016_1231_1453,0.906172
2016_1231_1380,0.908264
2016_1323_1462,0.121402
2016_1323_1452,0.232128
2016_1323_1458,0.124639
2016_1323_1425,0.509282
2016_1323_1344,0.501000
2016_1323_1338,0.872869
2016_1323_1409,0.615385
2016_1323_1392,0.471824
2016_1323_1372,0.840510
2016_1323_1451,0.500000
2016_1323_1438,0.140438
2016_1323_1428,0.170672
2016_1323_1345,0.139793
2016_1323_1371,0.164512
2016_1323_1403,0.208708
2016_1323_1393,0.200619
2016_1323_1437,0.828007
2016_1323_1396,0.894755
2016_1323_1435,0.867719
2016_1323_1455,0.838023
2016_1323_1355,0.871837
2016_1323_1421,0.883854
2016_1323_1332,0.846606
2016_1323_1328,0.847940
2016_1323_1401,0.845827
2016_1323_1400,0.885682
2016_1323_1333,0.893123
2016_1323_1386,0.858008
2016_1323_1433,0.856352
2016_1323_1463,0.860837
2016_1323_1423,0.875812
2016_1323_1453,0.896772
2016_1323_1380,0.904190
2016_1458_1462,0.250560
2016_1458_1463,0.858295
2016_1425_1462,0.700411
2016_1425_1452,0.085620
2016_1425_1458,0.124018
2016_1425_1451,0.524000
2016_1425_1438,0.140157
2016_1425_1428,0.170680
2016_1425_1437,0.827730
2016_1425_1435,0.867819
2016_1425_1455,0.837803
2016_1425_1433,0.856276
2016_1425_1463,0.860752
2016_1425_1453,0.896980
2016_1344_1462,0.843147
2016_1344_1452,0.427217
2016_1344_1458,0.521276
2016_1344_1425,0.423077
2016_1344_1409,0.524245
2016_1344_1392,0.859330
2016_1344_1372,0.432347
2016_1344_1451,0.500000
2016_1344_1438,0.140959
2016_1344_1428,0.170217
2016_1344_1345,0.139847
2016_1344_1371,0.164755
2016_1344_1403,0.204898
2016_1344_1393,0.196207
2016_1344_1437,0.828261
2016_1344_1396,0.892620
2016_1344_1435,0.866541
2016_1344_1455,0.838671
2016_1344_1355,0.871793
2016_1344_1421,0.883678
2016_1344_1401,0.845858
2016_1344_1400,0.883272
2016_1344_1386,0.858000
2016_1344_1433,0.856043
2016_1344_1463,0.861398
2016_1344_1423,0.875184
2016_1344_1453,0.896072
2016_1344_1380,0.902678
2016_1338_1462,0.328228
2016_1338_1452,0.170002
2016_1338_1458,0.394090
2016_1338_1425,0.523025
2016_1338_1344,0.534951
2016_1338_1409,0.128786
2016_1338_1392,0.481692
2016_1338_1372,0.439485
2016_1338_1451,0.883986
2016_1338_1438,0.143117
2016_1338_1428,0.175560
2016_1338_1345,0.142097
2016_1338_1371,0.168756
2016_1338_1403,0.215022
2016_1338_1393,0.207308
2016_1338_1437,0.830101
2016_1338_1396,0.897498
2016_1338_1435,0.871659
2016_1338_1455,0.840731
2016_1338_1355,0.875441
2016_1338_1421,0.886876
2016_1338_1401,0.849105
2016_1338_1400,0.889403
2016_1338_1386,0.861687
2016_1338_1433,0.860106
2016_1338_1463,0.864442
2016_1338_1423,0.879605
2016_1338_1453,0.899183
2016_1338_1380,0.905766
2016_1276_1314,0.600938
2016_1276_1462,0.088423
2016_1276_1452,0.249854
2016_1276_1323,0.387349
2016_1276_1458,0.885276
2016_1276_1425,0.120535
2016_1276_1344,0.520000
2016_1276_1338,0.874930
2016_1276_1409,0.532226
2016_1276_1392,0.477797
2016_1276_1372,0.841566
2016_1276_1451,0.528500
2016_1276_1438,0.141469
2016_1276_1277,0.128278
2016_1276_1428,0.173109
2016_1276_1345,0.140977
2016_1276_1371,0.166524
2016_1276_1403,0.211788
2016_1276_1393,0.203784
2016_1276_1292,0.215109
2016_1276_1437,0.828762
2016_1276_1396,0.896082
2016_1276_1435,0.869262
2016_1276_1455,0.839035
2016_1276_1355,0.873157
2016_1276_1421,0.885109
2016_1276_1332,0.847765
2016_1276_1328,0.849345
2016_1276_1401,0.846959
2016_1276_1400,0.887133
2016_1276_1333,0.894810
2016_1276_1386,0.859329
2016_1276_1433,0.857740
2016_1276_1320,0.889694
2016_1276_1463,0.862203
2016_1276_1423,0.877246
2016_1276_1453,0.897458
2016_1276_1380,0.904995
2016_1409_1462,0.085174
2016_1409_1452,0.239112
2016_1409_1458,0.878052
2016_1409_1425,0.112239
2016_1409_1451,0.518528
2016_1409_1438,0.137485
2016_1409_1428,0.164078
2016_1409_1437,0.825905
2016_1409_1435,0.862200
2016_1409_1455,0.835596
2016_1409_1421,0.880176
2016_1409_1433,0.851831
2016_1409_1463,0.857476
2016_1409_1423,0.870847
2016_1409_1453,0.893377
2016_1151_1314,0.083747
2016_1151_1462,0.442402
2016_1151_1452,0.429063
2016_1151_1246,0.223139
2016_1151_1231,0.323110
2016_1151_1323,0.520275
2016_1151_1458,0.528466
2016_1151_1425,0.519030
2016_1151_1344,0.523536
2016_1151_1338,0.511797
2016_1151_1276,0.515082
2016_1151_1409,0.532222
2016_1151_1392,0.666667
2016_1151_1372,0.462027
2016_1151_1451,0.541293
2016_1151_1192,0.590841
2016_1151_1195,0.578341
2016_1151_1438,0.153846
2016_1151_1277,0.132896
2016_1151_1428,0.180741
2016_1151_1235,0.180572
2016_1151_1345,0.153846
2016_1151_1371,0.176108
2016_1151_1173,0.179940
2016_1151_1403,0.218246
2016_1151_1393,0.208525
2016_1151_1211,0.155336
2016_1151_1233,0.206228
2016_1151_1201,0.218384
2016_1151_1292,0.221430
2016_1151_1214,0.246493
2016_1151_1242,0.840267
2016_1151_1437,0.834516
2016_1151_1274,0.859913
2016_1151_1268,0.860414
2016_1151_1234,0.862630
2016_1151_1160,0.885621
2016_1151_1163,0.860783
2016_1151_1396,0.893720
2016_1151_1435,0.872250
2016_1151_1455,0.850429
2016_1151_1355,0.879362
2016_1151_1218,0.866198
2016_1151_1421,0.889508
2016_1151_1332,0.858449
2016_1151_1328,0.851607
2016_1151_1401,0.853749
2016_1151_1181,0.857584
2016_1151_1400,0.887730
2016_1151_1333,0.893903
2016_1151_1386,0.866290
2016_1151_1153,0.860509
2016_1151_1433,0.863242
2016_1151_1320,0.891720
2016_1151_1463,0.872823
2016_1151_1423,0.880527
2016_1151_1453,0.896139
2016_1151_1167,0.882722
2016_1151_1221,0.904350
2016_1151_1380,0.901015
2016_1392_1462,0.459633
2016_1392_1452,0.446043
2016_1392_1458,0.548792
2016_1392_1425,0.538548
2016_1392_1409,0.548146
2016_1392_1451,0.552394
2016_1392_1438,0.156746
2016_1392_1428,0.193287
2016_1392_1403,0.228837
2016_1392_1393,0.220574
2016_1392_1437,0.840791
2016_1392_1396,0.897456
2016_1392_1435,0.879615
2016_1392_1455,0.859710
2016_1392_1421,0.893349
2016_1392_1401,0.861776
2016_1392_1400,0.893266
2016_1392_1433,0.871125
2016_1392_1463,0.880121
2016_1392_1423,0.886510
2016_1392_1453,0.898134
2016_1372_1462,0.495651
2016_1372_1452,0.169064
2016_1372_1458,0.571785
2016_1372_1425,0.568358
2016_1372_1409,0.152523
2016_1372_1392,0.529084
2016_1372_1451,0.565727
2016_1372_1438,0.173985
2016_1372_1428,0.214660
2016_1372_1403,0.243093
2016_1372_1393,0.237217
2016_1372_1437,0.850338
2016_1372_1396,0.902216
2016_1372_1435,0.890651
2016_1372_1455,0.867000
2016_1372_1421,0.897470
2016_1372_1401,0.875352
2016_1372_1400,0.900463
2016_1372_1386,0.885454
2016_1372_1433,0.883686
2016_1372_1463,0.886514
2016_1372_1423,0.894217
2016_1372_1453,0.900902
2016_1372_1380,0.903935
2016_1451_1462,0.101594
2016_1451_1452,0.082440
2016_1451_1458,0.504942
2016_1451_1455,0.839810
2016_1451_1463,0.860893
2016_1451_1453,0.889922
2016_1192_1314,0.073161
2016_1192_1462,0.378459
2016_1192_1452,0.372816
2016_1192_1246,0.383626
2016_1192_1231,0.371817
2016_1192_1323,0.381836
2016_1192_1458,0.402373
2016_1192_1425,0.381524
2016_1192_1344,0.389401
2016_1192_1338,0.374337
2016_1192_1276,0.378516
2016_1192_1409,0.398358
2016_1192_1392,0.393949
2016_1192_1372,0.384590
2016_1192_1451,0.415809
2016_1192_1195,0.467288
2016_1192_1438,0.120651
2016_1192_1277,0.119713
2016_1192_1428,0.125234
2016_1192_1235,0.120776
2016_1192_1345,0.119562
2016_1192_1371,0.124767
2016_1192_1403,0.153846
2016_1192_1393,0.153846
2016_1192_1211,0.122200
2016_1192_1233,0.133109
2016_1192_1201,0.153846
2016_1192_1292,0.153846
2016_1192_1214,0.168743
2016_1192_1242,0.812910
2016_1192_1437,0.811415
2016_1192_1274,0.810619
2016_1192_1268,0.808578
2016_1192_1234,0.808019
2016_1192_1396,0.843635
2016_1192_1435,0.819537
2016_1192_1455,0.814753
2016_1192_1355,0.825862
2016_1192_1218,0.819193
2016_1192_1421,0.835242
2016_1192_1332,0.816878
2016_1192_1328,0.809114
2016_1192_1401,0.814764
2016_1192_1400,0.829733
2016_1192_1333,0.842817
2016_1192_1386,0.818762
2016_1192_1433,0.816857
2016_1192_1320,0.839422
2016_1192_1463,0.822224
2016_1192_1423,0.826108
2016_1192_1453,0.850024
2016_1192_1221,0.889985
2016_1192_1380,0.864586
2016_1195_1314,0.073832
2016_1195_1462,0.386129
2016_1195_1452,0.378089
2016_1195_1246,0.394495
2016_1195_1231,0.375713
2016_1195_1323,0.419025
2016_1195_1458,0.434824
2016_1195_1425,0.417994
2016_1195_1344,0.422759
2016_1195_1338,0.410329
2016_1195_1276,0.414282
2016_1195_1409,0.433652
2016_1195_1392,0.412754
2016_1195_1372,0.398123
2016_1195_1451,0.446999
2016_1195_1438,0.123737
2016_1195_1277,0.121282
2016_1195_1428,0.153846
2016_1195_1235,0.153846
2016_1195_1345,0.121659
2016_1195_1371,0.146199
2016_1195_1403,0.158692
2016_1195_1393,0.153846
2016_1195_1211,0.126213
2016_1195_1233,0.147760
2016_1195_1201,0.158520
2016_1195_1292,0.161730
2016_1195_1214,0.197295
2016_1195_1242,0.817007
2016_1195_1437,0.814345
2016_1195_1274,0.819148
2016_1195_1268,0.818141
2016_1195_1234,0.818881
2016_1195_1396,0.863107
2016_1195_1435,0.831370
2016_1195_1455,0.820790
2016_1195_1355,0.839462
2016_1195_1218,0.828676
2016_1195_1421,0.852553
2016_1195_1332,0.824428
2016_1195_1328,0.814831
2016_1195_1401,0.820928
2016_1195_1400,0.850414
2016_1195_1333,0.864873
2016_1195_1386,0.828113
2016_1195_1433,0.825370
2016_1195_1320,0.857620
2016_1195_1463,0.833765
2016_1195_1423,0.840410
2016_1195_1453,0.868847
2016_1195_1221,0.897684
2016_1195_1380,0.881892
2016_1438_1462,0.816624
2016_1438_1452,0.810720
2016_1438_1458,0.846743
2016_1438_1451,0.846154
2016_1438_1455,0.445709
2016_1438_1463,0.750000
2016_1438_1453,0.801254
2016_1277_1314,0.824831
2016_1277_1462,0.836978
2016_1277_1452,0.833425
2016_1277_1323,0.852616
2016_1277_1458,0.854680
2016_1277_1425,0.851541
2016_1277_1344,0.852704
2016_1277_1338,0.849778
2016_1277_1409,0.854605
2016_1277_1392,0.846411
2016_1277_1372,0.846154
2016_1277_1451,0.853288
2016_1277_1438,0.573834
2016_1277_1428,0.624215
2016_1277_1345,0.137375
2016_1277_1371,0.870378
2016_1277_1403,0.331289
2016_1277_1393,0.701082
2016_1277_1292,0.889700
2016_1277_1437,0.441213
2016_1277_1396,0.519889
2016_1277_1435,0.496129
2016_1277_1455,0.478653
2016_1277_1355,0.503628
2016_1277_1421,0.513539
2016_1277_1332,0.789987
2016_1277_1328,0.785053
2016_1277_1401,0.785999
2016_1277_1400,0.806336
2016_1277_1333,0.809525
2016_1277_1386,0.796044
2016_1277_1433,0.791370
2016_1277_1320,0.804934
2016_1277_1463,0.796846
2016_1277_1423,0.800360
2016_1277_1453,0.804492
2016_1277_1380,0.809603
2016_1428_1462,0.783734
2016_1428_1452,0.775123
2016_1428_1458,0.830157
2016_1428_1451,0.836845
2016_1428_1438,0.302712
2016_1428_1437,0.351035
2016_1428_1435,0.428571
2016_1428_1455,0.381013
2016_1428_1433,0.739172
2016_1428_1463,0.750000
2016_1428_1453,0.780099
2016_1235_1314,0.765565
2016_1235_1462,0.787243
2016_1235_1452,0.780691
2016_1235_1246,0.782204
2016_1235_1323,0.825623
2016_1235_1458,0.837206
2016_1235_1425,0.825376
2016_1235_1344,0.831601
2016_1235_1338,0.820583
2016_1235_1276,0.823800
2016_1235_1409,0.836149
2016_1235_1392,0.812535
2016_1235_1372,0.783589
2016_1235_1451,0.839897
2016_1235_1438,0.267895
2016_1235_1277,0.599563
2016_1235_1428,0.520899
2016_1235_1345,0.389548
2016_1235_1371,0.500704
2016_1235_1403,0.371745
2016_1235_1393,0.545401
2016_1235_1292,0.582565
2016_1235_1242,0.359411
2016_1235_1437,0.351613
2016_1235_1274,0.407886
2016_1235_1268,0.413530
2016_1235_1396,0.502848
2016_1235_1435,0.440370
2016_1235_1455,0.376504
2016_1235_1355,0.459156
2016_1235_1421,0.488250
2016_1235_1332,0.731884
2016_1235_1328,0.725335
2016_1235_1401,0.727661
2016_1235_1400,0.750000
2016_1235_1333,0.779195
2016_1235_1386,0.750000
2016_1235_1433,0.746359
2016_1235_1320,0.750000
2016_1235_1463,0.750000
2016_1235_1423,0.750000
2016_1235_1453,0.752743
2016_1235_1380,0.816839
2016_1345_1462,0.823458
2016_1345_1452,0.815778
2016_1345_1458,0.849290
2016_1345_1425,0.844126
2016_1345_1409,0.849325
2016_1345_1392,0.844064
2016_1345_1372,0.832534
2016_1345_1451,0.846154
2016_1345_1438,0.202608
2016_1345_1428,0.144423
2016_1345_1371,0.895352
2016_1345_1403,0.157506
2016_1345_1393,0.574305
2016_1345_1437,0.409885
2016_1345_1396,0.512535
2016_1345_1435,0.480942
2016_1345_1455,0.454747
2016_1345_1355,0.498850
2016_1345_1421,0.519314
2016_1345_1401,0.750000
2016_1345_1400,0.798381
2016_1345_1386,0.750000
2016_1345_1433,0.750000
2016_1345_1463,0.750000
2016_1345_1423,0.796408
2016_1345_1453,0.808430
2016_1345_1380,0.814539
2016_1371_1462,0.786150
2016_1371_1452,0.778381
2016_1371_1458,0.833570
2016_1371_1425,0.826711
2016_1371_1409,0.831949
2016_1371_1392,0.817169
2016_1371_1372,0.796116
2016_1371_1451,0.837940
2016_1371_1438,0.096290
2016_1371_1428,0.300765
2016_1371_1403,0.556681
2016_1371_1393,0.890789
2016_1371_1437,0.354344
2016_1371_1396,0.488616
2016_1371_1435,0.431889
2016_1371_1455,0.390296
2016_1371_1421,0.480429
2016_1371_1401,0.728152
2016_1371_1400,0.780555
2016_1371_1386,0.749213
2016_1371_1433,0.742216
2016_1371_1463,0.750000
2016_1371_1423,0.750000
2016_1371_1453,0.795409
2016_1371_1380,0.806924
2016_1173_1314,0.767092
2016_1173_1462,0.785689
2016_1173_1452,0.778646
2016_1173_1246,0.784892
2016_1173_1231,0.774388
2016_1173_1323,0.824382
2016_1173_1458,0.834035
2016_1173_1425,0.823089
2016_1173_1344,0.828330
2016_1173_1338,0.819790
2016_1173_1276,0.821056
2016_1173_1409,0.832353
2016_1173_1392,0.814128
2016_1173_1372,0.788244
2016_1173_1451,0.838709
2016_1173_1192,0.858149
2016_1173_1195,0.846154
2016_1173_1438,0.214617
2016_1173_1277,0.242113
2016_1173_1428,0.503000
2016_1173_1235,0.505171
2016_1173_1345,0.449617
2016_1173_1371,0.875490
2016_1173_1403,0.892345
2016_1173_1393,0.680159
2016_1173_1211,0.097914
2016_1173_1233,0.556020
2016_1173_1201,0.574844
2016_1173_1292,0.577169
2016_1173_1214,0.607983
2016_1173_1242,0.362709
2016_1173_1437,0.353026
2016_1173_1274,0.401143
2016_1173_1268,0.428571
2016_1173_1234,0.401441
2016_1173_1396,0.493519
2016_1173_1435,0.434173
2016_1173_1455,0.379917
2016_1173_1355,0.457420
2016_1173_1218,0.419517
2016_1173_1421,0.485611
2016_1173_1332,0.733458
2016_1173_1328,0.720507
2016_1173_1401,0.727883
2016_1173_1181,0.725594
2016_1173_1400,0.778417
2016_1173_1333,0.789617
2016_1173_1386,0.749002
2016_1173_1433,0.742894
2016_1173_1320,0.750000
2016_1173_1463,0.750000
2016_1173_1423,0.750000
2016_1173_1453,0.769056
2016_1173_1221,0.809541
2016_1173_1380,0.811819
2016_1403_1462,0.753610
2016_1403_1452,0.749876
2016_1403_1458,0.809156
2016_1403_1425,0.796722
2016_1403_1409,0.808642
2016_1403_1451,0.802246
2016_1403_1438,0.123212
2016_1403_1428,0.092299
2016_1403_1437,0.321442
2016_1403_1435,0.379280
2016_1403_1455,0.331417
2016_1403_1421,0.420503
2016_1403_1433,0.698440
2016_1403_1463,0.703225
2016_1403_1423,0.731634
2016_1403_1453,0.750000
2016_1139_1314,0.767347
2016_1139_1462,0.788323
2016_1139_1452,0.781759
2016_1139_1246,0.784393
2016_1139_1231,0.776794
2016_1139_1323,0.827009
2016_1139_1458,0.835319
2016_1139_1425,0.826440
2016_1139_1344,0.830922
2016_1139_1338,0.820999
2016_1139_1276,0.824203
2016_1139_1409,0.834675
2016_1139_1151,0.826342
2016_1139_1392,0.814366
2016_1139_1372,0.786725
2016_1139_1451,0.840981
2016_1139_1192,0.864302
2016_1139_1195,0.846154
2016_1139_1438,0.142850
2016_1139_1277,0.831740
2016_1139_1428,0.521500
2016_1139_1235,0.117741
2016_1139_1345,0.092509
2016_1139_1371,0.516472
2016_1139_1173,0.505500
2016_1139_1403,0.469092
2016_1139_1393,0.543970
2016_1139_1211,0.469292
2016_1139_1233,0.890109
2016_1139_1201,0.578666
2016_1139_1292,0.581395
2016_1139_1214,0.615729
2016_1139_1242,0.362019
2016_1139_1437,0.353428
2016_1139_1274,0.407457
2016_1139_1143,0.434194
2016_1139_1268,0.424769
2016_1139_1234,0.406521
2016_1139_1160,0.464462
2016_1139_1163,0.412725
2016_1139_1396,0.500086
2016_1139_1435,0.439787
2016_1139_1455,0.378911
2016_1139_1355,0.460690
2016_1139_1218,0.422249
2016_1139_1421,0.490054
2016_1139_1332,0.733794
2016_1139_1328,0.725871
2016_1139_1401,0.728379
2016_1139_1181,0.729994
2016_1139_1400,0.750000
2016_1139_1333,0.790891
2016_1139_1386,0.750000
2016_1139_1153,0.741349
2016_1139_1433,0.746283
2016_1139_1320,0.750000
2016_1139_1463,0.750000
2016_1139_1423,0.750000
2016_1139_1453,0.761235
2016_1139_1167,0.750000
2016_1139_1221,0.811579
2016_1139_1380,0.816651
2016_1393_1462,0.761909
2016_1393_1452,0.757388
2016_1393_1458,0.818451
2016_1393_1425,0.803709
2016_1393_1409,0.817164
2016_1393_1451,0.814958
2016_1393_1438,0.082255
2016_1393_1428,0.190382
2016_1393_1403,0.521228
2016_1393_1437,0.328634
2016_1393_1396,0.473452
2016_1393_1435,0.395453
2016_1393_1455,0.342469
2016_1393_1421,0.441068
2016_1393_1401,0.693847
2016_1393_1400,0.750000
2016_1393_1433,0.710521
2016_1393_1463,0.718241
2016_1393_1423,0.745752
2016_1393_1453,0.750000
2016_1211_1314,0.790929
2016_1211_1462,0.810507
2016_1211_1452,0.803344
2016_1211_1246,0.814255
2016_1211_1231,0.798597
2016_1211_1323,0.842548
2016_1211_1458,0.844068
2016_1211_1425,0.841828
2016_1211_1344,0.844032
2016_1211_1338,0.839411
2016_1211_1276,0.840593
2016_1211_1409,0.844776
2016_1211_1392,0.832524
2016_1211_1372,0.825643
2016_1211_1451,0.845604
2016_1211_1438,0.666667
2016_1211_1277,0.093155
2016_1211_1428,0.347026
2016_1211_1235,0.545627
2016_1211_1345,0.483053
2016_1211_1371,0.415908
2016_1211_1403,0.156098
2016_1211_1393,0.897768
2016_1211_1233,0.580243
2016_1211_1292,0.584370
2016_1211_1214,0.598670
2016_1211_1242,0.402808
2016_1211_1437,0.381477
2016_1211_1274,0.445893
2016_1211_1268,0.447096
2016_1211_1234,0.452571
2016_1211_1396,0.504218
2016_1211_1435,0.464523
2016_1211_1455,0.429526
2016_1211_1355,0.479453
2016_1211_1218,0.453840
2016_1211_1421,0.497691
2016_1211_1332,0.750000
2016_1211_1328,0.754071
2016_1211_1401,0.750000
2016_1211_1400,0.794962
2016_1211_1333,0.802643
2016_1211_1386,0.772184
2016_1211_1433,0.767207
2016_1211_1320,0.797999
2016_1211_1463,0.750000
2016_1211_1423,0.787416
2016_1211_1453,0.800938
2016_1211_1221,0.813337
2016_1211_1380,0.807847
2016_1114_1314,0.779672
2016_1114_1462,0.795847
2016_1114_1452,0.789535
2016_1114_1246,0.800049
2016_1114_1231,0.784341
2016_1114_1323,0.834852
2016_1114_1458,0.839003
2016_1114_1425,0.832624
2016_1114_1344,0.836589
2016_1114_1338,0.830777
2016_1114_1276,0.832829
2016_1114_1409,0.837751
2016_1114_1151,0.833502
2016_1114_1392,0.825394
2016_1114_1372,0.807173
2016_1114_1451,0.842946
2016_1114_1192,0.856196
2016_1114_1195,0.853985
2016_1114_1438,0.101781
2016_1114_1277,0.433527
2016_1114_1428,0.531719
2016_1114_1235,0.284392
2016_1114_1345,0.359704
2016_1114_1371,0.528191
2016_1114_1173,0.523950
2016_1114_1403,0.564784
2016_1114_1139,0.521697
2016_1114_1393,0.555347
2016_1114_1211,0.494629
2016_1114_1233,0.672076
2016_1114_1201,0.578806
2016_1114_1292,0.582551
2016_1114_1214,0.601034
2016_1114_1242,0.382737
2016_1114_1437,0.367392
2016_1114_1274,0.420518
2016_1114_1143,0.446136
2016_1114_1268,0.428571
2016_1114_1234,0.425764
2016_1114_1160,0.476112
2016_1114_1163,0.428571
2016_1114_1396,0.496843
2016_1114_1435,0.448027
2016_1114_1455,0.406855
2016_1114_1355,0.468033
2016_1114_1218,0.439413
2016_1114_1138,0.505472
2016_1114_1421,0.491822
2016_1114_1122,0.518752
2016_1114_1332,0.750000
2016_1114_1328,0.733918
2016_1114_1401,0.740474
2016_1114_1181,0.742327
2016_1114_1124,0.774018
2016_1114_1400,0.786599
2016_1114_1333,0.794896
2016_1114_1386,0.750000
2016_1114_1153,0.748120
2016_1114_1433,0.750000
2016_1114_1320,0.771555
2016_1114_1463,0.750000
2016_1114_1423,0.750000
2016_1114_1453,0.798890
2016_1114_1167,0.750000
2016_1114_1221,0.811286
2016_1114_1380,0.808910
2016_1233_1314,0.742351
2016_1233_1462,0.755320
2016_1233_1452,0.748345
2016_1233_1246,0.762450
2016_1233_1323,0.811602
2016_1233_1458,0.816652
2016_1233_1425,0.811460
2016_1233_1344,0.813986
2016_1233_1338,0.806328
2016_1233_1276,0.810294
2016_1233_1409,0.816513
2016_1233_1392,0.787298
2016_1233_1372,0.775880
2016_1233_1451,0.815673
2016_1233_1438,0.082625
2016_1233_1277,0.397853
2016_1233_1428,0.466069
2016_1233_1235,0.192308
2016_1233_1345,0.206326
2016_1233_1371,0.461341
2016_1233_1403,0.533689
2016_1233_1393,0.516310
2016_1233_1292,0.530768
2016_1233_1242,0.334767
2016_1233_1437,0.321133
2016_1233_1274,0.363976
2016_1233_1268,0.372002
2016_1233_1234,0.370165
2016_1233_1396,0.461505
2016_1233_1435,0.428571
2016_1233_1455,0.352878
2016_1233_1355,0.407496
2016_1233_1421,0.437678
2016_1233_1332,0.699877
2016_1233_1328,0.685400
2016_1233_1401,0.688678
2016_1233_1400,0.762535
2016_1233_1333,0.779404
2016_1233_1386,0.712199
2016_1233_1433,0.704883
2016_1233_1320,0.766754
2016_1233_1463,0.726017
2016_1233_1423,0.740044
2016_1233_1453,0.778684
2016_1233_1380,0.791336
2016_1201_1314,0.739269
2016_1201_1462,0.746227
2016_1201_1452,0.739134
2016_1201_1246,0.753331
2016_1201_1231,0.736828
2016_1201_1323,0.795706
2016_1201_1458,0.801352
2016_1201_1425,0.794508
2016_1201_1344,0.796569
2016_1201_1338,0.788795
2016_1201_1276,0.791525
2016_1201_1409,0.801807
2016_1201_1392,0.775962
2016_1201_1372,0.760176
2016_1201_1451,0.804750
2016_1201_1438,0.406614
2016_1201_1277,0.391872
2016_1201_1428,0.144418
2016_1201_1235,0.439714
2016_1201_1345,0.396554
2016_1201_1371,0.091899
2016_1201_1403,0.506950
2016_1201_1393,0.491000
2016_1201_1211,0.083558
2016_1201_1233,0.494646
2016_1201_1292,0.515611
2016_1201_1214,0.565370
2016_1201_1242,0.329060
2016_1201_1437,0.319314
2016_1201_1274,0.340221
2016_1201_1268,0.339332
2016_1201_1234,0.343068
2016_1201_1396,0.441900
2016_1201_1435,0.367311
2016_1201_1455,0.339906
2016_1201_1355,0.388032
2016_1201_1218,0.359186
2016_1201_1421,0.428571
2016_1201_1332,0.691138
2016_1201_1328,0.668731
2016_1201_1401,0.677873
2016_1201_1400,0.742880
2016_1201_1333,0.763415
2016_1201_1386,0.697340
2016_1201_1433,0.690861
2016_1201_1320,0.750000
2016_1201_1463,0.711680
2016_1201_1423,0.724422
2016_1201_1453,0.750000
2016_1201_1221,0.800345
2016_1201_1380,0.750000
2016_1292_1314,0.738028
2016_1292_1462,0.743349
2016_1292_1452,0.736870
2016_1292_1323,0.792057
2016_1292_1458,0.799191
2016_1292_1425,0.791699
2016_1292_1344,0.792463
2016_1292_1338,0.785622
2016_1292_1409,0.798404
2016_1292_1392,0.772678
2016_1292_1372,0.757530
2016_1292_1451,0.801423
2016_1292_1438,0.404789
2016_1292_1428,0.092371
2016_1292_1345,0.394333
2016_1292_1371,0.437859
2016_1292_1403,0.503852
2016_1292_1393,0.111994
2016_1292_1437,0.317206
2016_1292_1396,0.436242
2016_1292_1435,0.361843
2016_1292_1455,0.337295
2016_1292_1355,0.383513
2016_1292_1421,0.428571
2016_1292_1332,0.686924
2016_1292_1328,0.664128
2016_1292_1401,0.675267
2016_1292_1400,0.740777
2016_1292_1333,0.762777
2016_1292_1386,0.694223
2016_1292_1433,0.687000
2016_1292_1320,0.750000
2016_1292_1463,0.707819
2016_1292_1423,0.721304
2016_1292_1453,0.750000
2016_1292_1380,0.750000
2016_1214_1314,0.723795
2016_1214_1462,0.721037
2016_1214_1452,0.715930
2016_1214_1246,0.732239
2016_1214_1231,0.715217
2016_1214_1323,0.753854
2016_1214_1458,0.761320
2016_1214_1425,0.753497
2016_1214_1344,0.755584
2016_1214_1338,0.747103
2016_1214_1276,0.751261
2016_1214_1409,0.761064
2016_1214_1392,0.744147
2016_1214_1372,0.738155
2016_1214_1451,0.766313
2016_1214_1438,0.072752
2016_1214_1277,0.379073
2016_1214_1428,0.395597
2016_1214_1235,0.385734
2016_1214_1345,0.371986
2016_1214_1371,0.396287
2016_1214_1403,0.444452
2016_1214_1393,0.424487
2016_1214_1233,0.433505
2016_1214_1292,0.453214
2016_1214_1242,0.311124
2016_1214_1437,0.303734
2016_1214_1274,0.300523
2016_1214_1268,0.298211
2016_1214_1234,0.299418
2016_1214_1396,0.393294
2016_1214_1435,0.317437
2016_1214_1455,0.316486
2016_1214_1355,0.335421
2016_1214_1218,0.319390
2016_1214_1421,0.361031
2016_1214_1332,0.660528
2016_1214_1328,0.633663
2016_1214_1401,0.647998
2016_1214_1400,0.694435
2016_1214_1333,0.722550
2016_1214_1386,0.658542
2016_1214_1433,0.650948
2016_1214_1320,0.708763
2016_1214_1463,0.672872
2016_1214_1423,0.675259
2016_1214_1453,0.725917
2016_1214_1221,0.789646
2016_1214_1380,0.750000
2016_1242_1314,0.114342
2016_1242_1462,0.130611
2016_1242_1452,0.126950
2016_1242_1246,0.128523
2016_1242_1323,0.155526
2016_1242_1458,0.156699
2016_1242_1425,0.155706
2016_1242_1344,0.155044
2016_1242_1338,0.154779
2016_1242_1276,0.154871
2016_1242_1409,0.157056
2016_1242_1392,0.145180
2016_1242_1372,0.138773
2016_1242_1451,0.155951
2016_1242_1438,0.598932
2016_1242_1277,0.562330
2016_1242_1428,0.635200
2016_1242_1345,0.591609
2016_1242_1371,0.635486
2016_1242_1403,0.656190
2016_1242_1393,0.651005
2016_1242_1292,0.657569
2016_1242_1437,0.465698
2016_1242_1274,0.691274
2016_1242_1268,0.829569
2016_1242_1396,0.902604
2016_1242_1435,0.378539
2016_1242_1455,0.354066
2016_1242_1355,0.897844
2016_1242_1421,0.580579
2016_1242_1332,0.668043
2016_1242_1328,0.657860
2016_1242_1401,0.657352
2016_1242_1400,0.695701
2016_1242_1333,0.703704
2016_1242_1386,0.673792
2016_1242_1433,0.668038
2016_1242_1320,0.696563
2016_1242_1463,0.683087
2016_1242_1423,0.687911
2016_1242_1453,0.701772
2016_1242_1380,0.705741
2016_1437_1462,0.136447
2016_1437_1452,0.132542
2016_1437_1458,0.159082
2016_1437_1451,0.160039
2016_1437_1438,0.620018
2016_1437_1455,0.892343
2016_1437_1463,0.696817
2016_1437_1453,0.702715
2016_1274_1314,0.092256
2016_1274_1462,0.105563
2016_1274_1452,0.102225
2016_1274_1323,0.139503
2016_1274_1458,0.146013
2016_1274_1425,0.139881
2016_1274_1344,0.140906
2016_1274_1338,0.136588
2016_1274_1276,0.138334
2016_1274_1409,0.144724
2016_1274_1392,0.123786
2016_1274_1372,0.104588
2016_1274_1451,0.146433
2016_1274_1438,0.564024
2016_1274_1277,0.511702
2016_1274_1428,0.624087
2016_1274_1345,0.556003
2016_1274_1371,0.601218
2016_1274_1403,0.642147
2016_1274_1393,0.636679
2016_1274_1292,0.670557
2016_1274_1437,0.398359
2016_1274_1396,0.813294
2016_1274_1435,0.684211
2016_1274_1455,0.676736
2016_1274_1355,0.563974
2016_1274_1421,0.900439
2016_1274_1332,0.615385
2016_1274_1328,0.615385
2016_1274_1401,0.615385
2016_1274_1400,0.683269
2016_1274_1333,0.693022
2016_1274_1386,0.615385
2016_1274_1433,0.649368
2016_1274_1320,0.706635
2016_1274_1463,0.664233
2016_1274_1423,0.648781
2016_1274_1453,0.716972
2016_1274_1380,0.727467
2016_1143_1314,0.088095
2016_1143_1462,0.099093
2016_1143_1452,0.095593
2016_1143_1246,0.097853
2016_1143_1231,0.092603
2016_1143_1323,0.134540
2016_1143_1458,0.138173
2016_1143_1425,0.135073
2016_1143_1344,0.134399
2016_1143_1338,0.131982
2016_1143_1276,0.133976
2016_1143_1409,0.138108
2016_1143_1151,0.126179
2016_1143_1392,0.117814
2016_1143_1372,0.101701
2016_1143_1451,0.138820
2016_1143_1192,0.163070
2016_1143_1195,0.158293
2016_1143_1438,0.541504
2016_1143_1277,0.502482
2016_1143_1428,0.597501
2016_1143_1235,0.586329
2016_1143_1345,0.530508
2016_1143_1371,0.572691
2016_1143_1173,0.590007
2016_1143_1403,0.634892
2016_1143_1393,0.621035
2016_1143_1211,0.556839
2016_1143_1233,0.636251
2016_1143_1201,0.649216
2016_1143_1292,0.650670
2016_1143_1214,0.674031
2016_1143_1242,0.261134
2016_1143_1437,0.616728
2016_1143_1274,0.482927
2016_1143_1268,0.444444
2016_1143_1234,0.494500
2016_1143_1160,0.362895
2016_1143_1163,0.869595
2016_1143_1396,0.571017
2016_1143_1435,0.515861
2016_1143_1455,0.469222
2016_1143_1355,0.733333
2016_1143_1218,0.789749
2016_1143_1421,0.564386
2016_1143_1332,0.615385
2016_1143_1328,0.594808
2016_1143_1401,0.603635
2016_1143_1181,0.605585
2016_1143_1400,0.671176
2016_1143_1333,0.686902
2016_1143_1386,0.615385
2016_1143_1153,0.613880
2016_1143_1433,0.622068
2016_1143_1320,0.688922
2016_1143_1463,0.646390
2016_1143_1423,0.624283
2016_1143_1453,0.694107
2016_1143_1167,0.635660
2016_1143_1221,0.711130
2016_1143_1380,0.707856
2016_1268_1314,0.091328
2016_1268_1462,0.105373
2016_1268_1452,0.102379
2016_1268_1323,0.139885
2016_1268_1458,0.146838
2016_1268_1425,0.140132
2016_1268_1344,0.141437
2016_1268_1338,0.136845
2016_1268_1276,0.138204
2016_1268_1409,0.146114
2016_1268_1392,0.123469
2016_1268_1372,0.103712
2016_1268_1451,0.146437
2016_1268_1438,0.562057
2016_1268_1277,0.510077
2016_1268_1428,0.571429
2016_1268_1345,0.557189
2016_1268_1371,0.571429
2016_1268_1403,0.645634
2016_1268_1393,0.641722
2016_1268_1292,0.673645
2016_1268_1437,0.847019
2016_1268_1274,0.118129
2016_1268_1396,0.598386
2016_1268_1435,0.545956
2016_1268_1455,0.478672
2016_1268_1355,0.596974
2016_1268_1421,0.589453
2016_1268_1332,0.615385
2016_1268_1328,0.615385
2016_1268_1401,0.615385
2016_1268_1400,0.687229
2016_1268_1333,0.698908
2016_1268_1386,0.615385
2016_1268_1433,0.615385
2016_1268_1320,0.712158
2016_1268_1463,0.615385
2016_1268_1423,0.635725
2016_1268_1453,0.719289
2016_1268_1380,0.731327
2016_1112_1314,0.106540
2016_1112_1462,0.122141
2016_1112_1452,0.118044
2016_1112_1246,0.120016
2016_1112_1231,0.114069
2016_1112_1323,0.150455
2016_1112_1458,0.154155
2016_1112_1425,0.151039
2016_1112_1344,0.150840
2016_1112_1338,0.149378
2016_1112_1276,0.149864
2016_1112_1409,0.153634
2016_1112_1151,0.148008
2016_1112_1392,0.140989
2016_1112_1372,0.125242
2016_1112_1451,0.156164
2016_1112_1192,0.166848
2016_1112_1195,0.165656
2016_1112_1438,0.571429
2016_1112_1277,0.547591
2016_1112_1428,0.637267
2016_1112_1235,0.629992
2016_1112_1345,0.571429
2016_1112_1371,0.639436
2016_1112_1173,0.631799
2016_1112_1403,0.653819
2016_1112_1139,0.624701
2016_1112_1393,0.648423
2016_1112_1211,0.571429
2016_1112_1114,0.628186
2016_1112_1233,0.673202
2016_1112_1201,0.672602
2016_1112_1292,0.672382
2016_1112_1214,0.684846
2016_1112_1242,0.108644
2016_1112_1437,0.142224
2016_1112_1274,0.320716
2016_1112_1143,0.560619
2016_1112_1268,0.133621
2016_1112_1234,0.136153
2016_1112_1160,0.574257
2016_1112_1163,0.542917
2016_1112_1396,0.903057
2016_1112_1435,0.674649
2016_1112_1455,0.615385
2016_1112_1355,0.576936
2016_1112_1218,0.555839
2016_1112_1138,0.905312
2016_1112_1421,0.594323
2016_1112_1122,0.606106
2016_1112_1332,0.615385
2016_1112_1328,0.645156
2016_1112_1401,0.615385
2016_1112_1181,0.652875
2016_1112_1124,0.681341
2016_1112_1400,0.692169
2016_1112_1333,0.700626
2016_1112_1386,0.657776
2016_1112_1153,0.659311
2016_1112_1433,0.648836
2016_1112_1320,0.708145
2016_1112_1463,0.677006
2016_1112_1423,0.691876
2016_1112_1453,0.709600
2016_1112_1167,0.707606
2016_1112_1221,0.714445
2016_1112_1380,0.717988
2016_1234_1314,0.090067
2016_1234_1462,0.103301
2016_1234_1452,0.100068
2016_1234_1246,0.098860
2016_1234_1323,0.138040
2016_1234_1458,0.144975
2016_1234_1425,0.138136
2016_1234_1344,0.139824
2016_1234_1338,0.134806
2016_1234_1276,0.136222
2016_1234_1409,0.144128
2016_1234_1392,0.120307
2016_1234_1372,0.100708
2016_1234_1451,0.143441
2016_1234_1438,0.557317
2016_1234_1277,0.506195
2016_1234_1428,0.623915
2016_1234_1235,0.571429
2016_1234_1345,0.551102
2016_1234_1371,0.571429
2016_1234_1403,0.644436
2016_1234_1393,0.642736
2016_1234_1292,0.672519
2016_1234_1242,0.210769
2016_1234_1437,0.261226
2016_1234_1274,0.500000
2016_1234_1268,0.510537
2016_1234_1396,0.729130
2016_1234_1435,0.129062
2016_1234_1455,0.098144
2016_1234_1355,0.560932
2016_1234_1421,0.589092
2016_1234_1332,0.615385
2016_1234_1328,0.615385
2016_1234_1401,0.615385
2016_1234_1400,0.688596
2016_1234_1333,0.699115
2016_1234_1386,0.615385
2016_1234_1433,0.615385
2016_1234_1320,0.707473
2016_1234_1463,0.659049
2016_1234_1423,0.617735
2016_1234_1453,0.719980
2016_1234_1380,0.732486
2016_1160_1314,0.078485
2016_1160_1462,0.084705
2016_1160_1452,0.083106
2016_1160_1246,0.082478
2016_1160_1231,0.081703
2016_1160_1323,0.111600
2016_1160_1458,0.118139
2016_1160_1425,0.111523
2016_1160_1344,0.113216
2016_1160_1338,0.108364
2016_1160_1276,0.110092
2016_1160_1409,0.117921
2016_1160_1392,0.094134
2016_1160_1372,0.083859
2016_1160_1451,0.113680
2016_1160_1192,0.161919
2016_1160_1195,0.147498
2016_1160_1438,0.504344
2016_1160_1277,0.475275
2016_1160_1428,0.556879
2016_1160_1235,0.552529
2016_1160_1345,0.499685
2016_1160_1371,0.548570
2016_1160_1173,0.556755
2016_1160_1403,0.601124
2016_1160_1393,0.586206
2016_1160_1211,0.509836
2016_1160_1233,0.571429
2016_1160_1201,0.571429
2016_1160_1292,0.571429
2016_1160_1214,0.666723
2016_1160_1242,0.123015
2016_1160_1437,0.670122
2016_1160_1274,0.092008
2016_1160_1268,0.849579
2016_1160_1234,0.093461
2016_1160_1163,0.534313
2016_1160_1396,0.555236
2016_1160_1435,0.862478
2016_1160_1455,0.834668
2016_1160_1355,0.494355
2016_1160_1218,0.455093
2016_1160_1421,0.525497
2016_1160_1332,0.569537
2016_1160_1328,0.563143
2016_1160_1401,0.566365
2016_1160_1181,0.569528
2016_1160_1400,0.615385
2016_1160_1333,0.643994
2016_1160_1386,0.591315
2016_1160_1433,0.584043
2016_1160_1320,0.615385
2016_1160_1463,0.595667
2016_1160_1423,0.615385
2016_1160_1453,0.615385
2016_1160_1167,0.615385
2016_1160_1221,0.716489
2016_1160_1380,0.706844
2016_1163_1314,0.093801
2016_1163_1462,0.107340
2016_1163_1452,0.103031
2016_1163_1246,0.105726
2016_1163_1231,0.099767
2016_1163_1323,0.142065
2016_1163_1458,0.145565
2016_1163_1425,0.142792
2016_1163_1344,0.141814
2016_1163_1338,0.139719
2016_1163_1276,0.140856
2016_1163_1409,0.145620
2016_1163_1392,0.126427
2016_1163_1372,0.109567
2016_1163_1451,0.146295
2016_1163_1192,0.165311
2016_1163_1195,0.162046
2016_1163_1438,0.562015
2016_1163_1277,0.519371
2016_1163_1428,0.614172
2016_1163_1235,0.605569
2016_1163_1345,0.551281
2016_1163_1371,0.571429
2016_1163_1173,0.607675
2016_1163_1403,0.644609
2016_1163_1393,0.634204
2016_1163_1211,0.571429
2016_1163_1233,0.652768
2016_1163_1201,0.656752
2016_1163_1292,0.660870
2016_1163_1214,0.675992
2016_1163_1242,0.147488
2016_1163_1437,0.849802
2016_1163_1274,0.505129
2016_1163_1268,0.119979
2016_1163_1234,0.510530
2016_1163_1396,0.579249
2016_1163_1435,0.531416
2016_1163_1455,0.491272
2016_1163_1355,0.552986
2016_1163_1218,0.881516
2016_1163_1421,0.576527
2016_1163_1332,0.615385
2016_1163_1328,0.614050
2016_1163_1401,0.615385
2016_1163_1181,0.624811
2016_1163_1400,0.680438
2016_1163_1333,0.692349
2016_1163_1386,0.615385
2016_1163_1433,0.615385
2016_1163_1320,0.696277
2016_1163_1463,0.615385
2016_1163_1423,0.673370
2016_1163_1453,0.698692
2016_1163_1167,0.645022
2016_1163_1221,0.714098
2016_1163_1380,0.711650
2016_1396_1462,0.079978
2016_1396_1452,0.078133
2016_1396_1458,0.104250
2016_1396_1425,0.099155
2016_1396_1409,0.104027
2016_1396_1451,0.102645
2016_1396_1438,0.484333
2016_1396_1428,0.522731
2016_1396_1403,0.563589
2016_1396_1437,0.279968
2016_1396_1435,0.091212
2016_1396_1455,0.079161
2016_1396_1421,0.866533
2016_1396_1401,0.540852
2016_1396_1400,0.602297
2016_1396_1433,0.551951
2016_1396_1463,0.567586
2016_1396_1423,0.590333
2016_1396_1453,0.615385
2016_1435_1462,0.095026
2016_1435_1452,0.091816
2016_1435_1458,0.134104
2016_1435_1451,0.133798
2016_1435_1438,0.536441
2016_1435_1437,0.083848
2016_1435_1455,0.457904
2016_1435_1463,0.615385
2016_1435_1453,0.701974
2016_1455_1462,0.120478
2016_1455_1458,0.153393
2016_1455_1463,0.669872
2016_1355_1462,0.091026
2016_1355_1452,0.088256
2016_1355_1458,0.129587
2016_1355_1425,0.125955
2016_1355_1409,0.130094
2016_1355_1392,0.107611
2016_1355_1372,0.093566
2016_1355_1451,0.127801
2016_1355_1438,0.518931
2016_1355_1428,0.570370
2016_1355_1371,0.567622
2016_1355_1403,0.617847
2016_1355_1393,0.606146
2016_1355_1437,0.415718
2016_1355_1396,0.554026
2016_1355_1435,0.487605
2016_1355_1455,0.445990
2016_1355_1421,0.542824
2016_1355_1401,0.579761
2016_1355_1400,0.654819
2016_1355_1386,0.605910
2016_1355_1433,0.596948
2016_1355_1463,0.615385
2016_1355_1423,0.637587
2016_1355_1453,0.681658
2016_1355_1380,0.697351
2016_1218_1314,0.090308
2016_1218_1462,0.102951
2016_1218_1452,0.098833
2016_1218_1246,0.101797
2016_1218_1231,0.095719
2016_1218_1323,0.139408
2016_1218_1458,0.141953
2016_1218_1425,0.139837
2016_1218_1344,0.138475
2016_1218_1338,0.137195
2016_1218_1276,0.137853
2016_1218_1409,0.142069
2016_1218_1392,0.121528
2016_1218_1372,0.106873
2016_1218_1451,0.141194
2016_1218_1438,0.550161
2016_1218_1277,0.510922
2016_1218_1428,0.603260
2016_1218_1235,0.597071
2016_1218_1345,0.536545
2016_1218_1371,0.599424
2016_1218_1403,0.642289
2016_1218_1393,0.632108
2016_1218_1233,0.641019
2016_1218_1292,0.650157
2016_1218_1242,0.093527
2016_1218_1437,0.439349
2016_1218_1274,0.495156
2016_1218_1268,0.250000
2016_1218_1234,0.500858
2016_1218_1396,0.574111
2016_1218_1435,0.521251
2016_1218_1455,0.481182
2016_1218_1355,0.359035
2016_1218_1421,0.567553
2016_1218_1332,0.615385
2016_1218_1328,0.601430
2016_1218_1401,0.609020
2016_1218_1400,0.676646
2016_1218_1333,0.693869
2016_1218_1386,0.625383
2016_1218_1433,0.627672
2016_1218_1320,0.689589
2016_1218_1463,0.615385
2016_1218_1423,0.663648
2016_1218_1453,0.691556
2016_1218_1221,0.714792
2016_1218_1380,0.707103
2016_1138_1314,0.075480
2016_1138_1462,0.076683
2016_1138_1452,0.075280
2016_1138_1246,0.077497
2016_1138_1231,0.074783
2016_1138_1323,0.091910
2016_1138_1458,0.095755
2016_1138_1425,0.092051
2016_1138_1344,0.092370
2016_1138_1338,0.089272
2016_1138_1276,0.090091
2016_1138_1409,0.095798
2016_1138_1151,0.087615
2016_1138_1392,0.083294
2016_1138_1372,0.078137
2016_1138_1451,0.095166
2016_1138_1192,0.141892
2016_1138_1195,0.123984
2016_1138_1438,0.475134
2016_1138_1277,0.463084
2016_1138_1428,0.499884
2016_1138_1235,0.483956
2016_1138_1345,0.468409
2016_1138_1371,0.499048
2016_1138_1173,0.494885
2016_1138_1403,0.542714
2016_1138_1139,0.483960
2016_1138_1393,0.522976
2016_1138_1211,0.480525
2016_1138_1233,0.535007
2016_1138_1201,0.557705
2016_1138_1292,0.561406
2016_1138_1214,0.571429
2016_1138_1242,0.391594
2016_1138_1437,0.386629
2016_1138_1274,0.134615
2016_1138_1143,0.415833
2016_1138_1268,0.386388
2016_1138_1234,0.386442
2016_1138_1160,0.441691
2016_1138_1163,0.404844
2016_1138_1396,0.485274
2016_1138_1435,0.085331
2016_1138_1455,0.076739
2016_1138_1355,0.435319
2016_1138_1218,0.413142
2016_1138_1421,0.465203
2016_1138_1332,0.534677
2016_1138_1328,0.511957
2016_1138_1401,0.527997
2016_1138_1181,0.508836
2016_1138_1400,0.578760
2016_1138_1333,0.609378
2016_1138_1386,0.543154
2016_1138_1153,0.527047
2016_1138_1433,0.535173
2016_1138_1320,0.605409
2016_1138_1463,0.553311
2016_1138_1423,0.564131
2016_1138_1453,0.615385
2016_1138_1167,0.573479
2016_1138_1221,0.689772
2016_1138_1380,0.615385
2016_1421_1462,0.083298
2016_1421_1452,0.081079
2016_1421_1458,0.116593
2016_1421_1425,0.113893
2016_1421_1451,0.114381
2016_1421_1438,0.494140
2016_1421_1428,0.537594
2016_1421_1437,0.092769
2016_1421_1435,0.453893
2016_1421_1455,0.423319
2016_1421_1433,0.564374
2016_1421_1463,0.592744
2016_1421_1423,0.607602
2016_1421_1453,0.661022
2016_1122_1314,0.073049
2016_1122_1462,0.072685
2016_1122_1452,0.071615
2016_1122_1246,0.073384
2016_1122_1231,0.072291
2016_1122_1323,0.075594
2016_1122_1458,0.079538
2016_1122_1425,0.075411
2016_1122_1344,0.076429
2016_1122_1338,0.074571
2016_1122_1276,0.075139
2016_1122_1409,0.078248
2016_1122_1151,0.076954
2016_1122_1392,0.075516
2016_1122_1372,0.074400
2016_1122_1451,0.080725
2016_1122_1192,0.113635
2016_1122_1195,0.096624
2016_1122_1438,0.458766
2016_1122_1277,0.453932
2016_1122_1428,0.467222
2016_1122_1235,0.448531
2016_1122_1345,0.452673
2016_1122_1371,0.468066
2016_1122_1173,0.458671
2016_1122_1403,0.475042
2016_1122_1139,0.451686
2016_1122_1393,0.465820
2016_1122_1211,0.459462
2016_1122_1233,0.490481
2016_1122_1201,0.501361
2016_1122_1292,0.503672
2016_1122_1214,0.554605
2016_1122_1242,0.073340
2016_1122_1437,0.377886
2016_1122_1274,0.366537
2016_1122_1143,0.385408
2016_1122_1268,0.360880
2016_1122_1234,0.358564
2016_1122_1160,0.387628
2016_1122_1163,0.381661
2016_1122_1396,0.422504
2016_1122_1435,0.381692
2016_1122_1455,0.381569
2016_1122_1355,0.397747
2016_1122_1218,0.386838
2016_1122_1138,0.447446
2016_1122_1421,0.414345
2016_1122_1332,0.514012
2016_1122_1328,0.491953
2016_1122_1401,0.508693
2016_1122_1181,0.483192
2016_1122_1124,0.504033
2016_1122_1400,0.521804
2016_1122_1333,0.544630
2016_1122_1386,0.514670
2016_1122_1153,0.504102
2016_1122_1433,0.509730
2016_1122_1320,0.550488
2016_1122_1463,0.521042
2016_1122_1423,0.524929
2016_1122_1453,0.570096
2016_1122_1167,0.531999
2016_1122_1221,0.659002
2016_1122_1380,0.599099
2016_1332_1462,0.112070
2016_1332_1452,0.107877
2016_1332_1458,0.147852
2016_1332_1425,0.146237
2016_1332_1344,0.145212
2016_1332_1338,0.144791
2016_1332_1409,0.148362
2016_1332_1392,0.129677
2016_1332_1372,0.116762
2016_1332_1451,0.146625
2016_1332_1438,0.250000
2016_1332_1428,0.278381
2016_1332_1345,0.250000
2016_1332_1371,0.273798
2016_1332_1403,0.311008
2016_1332_1393,0.302117
2016_1332_1437,0.325169
2016_1332_1396,0.449375
2016_1332_1435,0.405978
2016_1332_1455,0.368501
2016_1332_1355,0.421289
2016_1332_1421,0.439467
2016_1332_1401,0.651509
2016_1332_1400,0.896839
2016_1332_1333,0.798166
2016_1332_1386,0.832522
2016_1332_1433,0.880039
2016_1332_1463,0.888064
2016_1332_1423,0.891567
2016_1332_1453,0.576107
2016_1332_1380,0.902864
2016_1328_1462,0.114444
2016_1328_1452,0.110020
2016_1328_1458,0.151050
2016_1328_1425,0.145497
2016_1328_1344,0.146356
2016_1328_1338,0.143291
2016_1328_1409,0.150293
2016_1328_1392,0.133096
2016_1328_1372,0.112563
2016_1328_1451,0.153309
2016_1328_1438,0.245483
2016_1328_1428,0.294911
2016_1328_1345,0.240996
2016_1328_1371,0.290507
2016_1328_1403,0.310869
2016_1328_1393,0.307316
2016_1328_1437,0.339918
2016_1328_1396,0.467009
2016_1328_1435,0.425507
2016_1328_1455,0.373164
2016_1328_1355,0.446327
2016_1328_1421,0.468525
2016_1328_1332,0.521739
2016_1328_1401,0.545455
2016_1328_1400,0.867940
2016_1328_1333,0.749992
2016_1328_1386,0.285058
2016_1328_1433,0.659195
2016_1328_1463,0.559482
2016_1328_1423,0.576200
2016_1328_1453,0.606470
2016_1328_1380,0.615470
2016_1401_1462,0.114388
2016_1401_1452,0.109748
2016_1401_1458,0.149161
2016_1401_1425,0.146998
2016_1401_1409,0.149674
2016_1401_1451,0.151114
2016_1401_1438,0.250000
2016_1401_1428,0.286604
2016_1401_1403,0.313018
2016_1401_1437,0.338322
2016_1401_1435,0.414996
2016_1401_1455,0.377992
2016_1401_1421,0.454390
2016_1401_1433,0.798966
2016_1401_1463,0.555508
2016_1401_1423,0.560778
2016_1401_1453,0.861004
2016_1181_1314,0.093753
2016_1181_1462,0.108667
2016_1181_1452,0.104703
2016_1181_1246,0.103795
2016_1181_1231,0.101357
2016_1181_1323,0.141676
2016_1181_1458,0.150194
2016_1181_1425,0.142456
2016_1181_1344,0.144581
2016_1181_1338,0.139758
2016_1181_1276,0.140796
2016_1181_1409,0.149112
2016_1181_1392,0.125952
2016_1181_1372,0.106049
2016_1181_1451,0.149280
2016_1181_1192,0.173002
2016_1181_1195,0.169467
2016_1181_1438,0.234616
2016_1181_1277,0.198456
2016_1181_1428,0.288151
2016_1181_1235,0.283626
2016_1181_1345,0.231726
2016_1181_1371,0.281017
2016_1181_1403,0.310167
2016_1181_1393,0.305773
2016_1181_1211,0.242395
2016_1181_1233,0.311530
2016_1181_1201,0.329563
2016_1181_1292,0.330872
2016_1181_1214,0.356704
2016_1181_1242,0.338380
2016_1181_1437,0.327266
2016_1181_1274,0.393810
2016_1181_1268,0.390278
2016_1181_1234,0.391231
2016_1181_1396,0.470489
2016_1181_1435,0.422945
2016_1181_1455,0.356861
2016_1181_1355,0.438059
2016_1181_1218,0.403964
2016_1181_1421,0.465634
2016_1181_1332,0.314962
2016_1181_1328,0.666667
2016_1181_1401,0.500000
2016_1181_1400,0.572891
2016_1181_1333,0.582039
2016_1181_1386,0.355084
2016_1181_1433,0.531735
2016_1181_1320,0.598405
2016_1181_1463,0.733333
2016_1181_1423,0.807692
2016_1181_1453,0.612574
2016_1181_1221,0.607647
2016_1181_1380,0.623120
2016_1124_1314,0.081603
2016_1124_1462,0.089802
2016_1124_1452,0.087365
2016_1124_1246,0.086727
2016_1124_1231,0.085833
2016_1124_1323,0.121322
2016_1124_1458,0.127549
2016_1124_1425,0.121203
2016_1124_1344,0.122822
2016_1124_1338,0.117721
2016_1124_1276,0.118985
2016_1124_1409,0.127859
2016_1124_1151,0.112211
2016_1124_1392,0.102511
2016_1124_1372,0.088820
2016_1124_1451,0.124955
2016_1124_1192,0.166339
2016_1124_1195,0.156081
2016_1124_1438,0.201436
2016_1124_1277,0.181155
2016_1124_1428,0.243783
2016_1124_1235,0.250000
2016_1124_1345,0.199377
2016_1124_1371,0.236299
2016_1124_1173,0.243225
2016_1124_1403,0.282428
2016_1124_1139,0.250000
2016_1124_1393,0.273438
2016_1124_1211,0.206444
2016_1124_1233,0.267034
2016_1124_1201,0.292343
2016_1124_1292,0.296709
2016_1124_1214,0.334749
2016_1124_1242,0.301851
2016_1124_1437,0.295721
2016_1124_1274,0.342224
2016_1124_1143,0.363198
2016_1124_1268,0.339682
2016_1124_1234,0.341943
2016_1124_1160,0.401989
2016_1124_1163,0.342789
2016_1124_1396,0.441793
2016_1124_1435,0.373002
2016_1124_1455,0.313939
2016_1124_1355,0.386787
2016_1124_1218,0.350380
2016_1124_1138,0.462904
2016_1124_1421,0.419016
2016_1124_1332,0.161163
2016_1124_1328,0.851052
2016_1124_1401,0.092055
2016_1124_1181,0.521023
2016_1124_1400,0.886990
2016_1124_1333,0.559428
2016_1124_1386,0.101184
2016_1124_1153,0.859602
2016_1124_1433,0.476472
2016_1124_1320,0.562145
2016_1124_1463,0.596154
2016_1124_1423,0.750000
2016_1124_1453,0.583954
2016_1124_1167,0.500000
2016_1124_1221,0.606884
2016_1124_1380,0.604019
2016_1400_1462,0.083256
2016_1400_1452,0.081957
2016_1400_1458,0.115236
2016_1400_1425,0.108792
2016_1400_1409,0.114930
2016_1400_1451,0.110796
2016_1400_1438,0.189048
2016_1400_1428,0.221173
2016_1400_1403,0.261682
2016_1400_1437,0.284207
2016_1400_1435,0.343657
2016_1400_1455,0.295846
2016_1400_1421,0.385861
2016_1400_1401,0.230034
2016_1400_1433,0.848248
2016_1400_1463,0.458596
2016_1400_1423,0.493380
2016_1400_1453,0.891100
2016_1333_1462,0.079327
2016_1333_1452,0.078041
2016_1333_1458,0.101854
2016_1333_1425,0.097322
2016_1333_1344,0.098024
2016_1333_1338,0.094351
2016_1333_1409,0.102533
2016_1333_1392,0.085523
2016_1333_1372,0.078430
2016_1333_1451,0.098350
2016_1333_1438,0.180203
2016_1333_1428,0.202561
2016_1333_1345,0.179060
2016_1333_1371,0.197756
2016_1333_1403,0.250000
2016_1333_1393,0.250000
2016_1333_1437,0.275625
2016_1333_1396,0.387869
2016_1333_1435,0.318520
2016_1333_1455,0.282720
2016_1333_1355,0.327580
2016_1333_1421,0.353333
2016_1333_1401,0.411085
2016_1333_1400,0.865934
2016_1333_1386,0.838036
2016_1333_1433,0.573091
2016_1333_1463,0.432089
2016_1333_1423,0.461422
2016_1333_1453,0.500000
2016_1333_1380,0.561532
2016_1386_1462,0.102289
2016_1386_1452,0.098867
2016_1386_1458,0.141219
2016_1386_1425,0.138340
2016_1386_1409,0.142152
2016_1386_1392,0.121778
2016_1386_1451,0.141535
2016_1386_1438,0.250000
2016_1386_1428,0.266775
2016_1386_1403,0.302168
2016_1386_1393,0.292528
2016_1386_1437,0.315933
2016_1386_1396,0.443962
2016_1386_1435,0.392523
2016_1386_1455,0.349991
2016_1386_1421,0.438177
2016_1386_1401,0.105790
2016_1386_1400,0.551853
2016_1386_1433,0.502519
2016_1386_1463,0.530184
2016_1386_1423,0.540088
2016_1386_1453,0.573991
2016_1153_1314,0.092244
2016_1153_1462,0.105651
2016_1153_1452,0.101297
2016_1153_1246,0.102270
2016_1153_1231,0.098301
2016_1153_1323,0.139652
2016_1153_1458,0.144718
2016_1153_1425,0.139904
2016_1153_1344,0.140165
2016_1153_1338,0.137110
2016_1153_1276,0.138778
2016_1153_1409,0.144638
2016_1153_1392,0.124410
2016_1153_1372,0.105444
2016_1153_1451,0.146361
2016_1153_1192,0.167199
2016_1153_1195,0.164144
2016_1153_1438,0.231251
2016_1153_1277,0.198239
2016_1153_1428,0.279355
2016_1153_1235,0.272521
2016_1153_1345,0.250000
2016_1153_1371,0.274439
2016_1153_1173,0.275319
2016_1153_1403,0.305707
2016_1153_1393,0.298752
2016_1153_1211,0.240897
2016_1153_1233,0.308887
2016_1153_1201,0.321089
2016_1153_1292,0.324728
2016_1153_1214,0.345894
2016_1153_1242,0.336418
2016_1153_1437,0.325188
2016_1153_1274,0.378915
2016_1153_1268,0.384615
2016_1153_1234,0.384615
2016_1153_1160,0.430367
2016_1153_1163,0.386737
2016_1153_1396,0.454463
2016_1153_1435,0.409273
2016_1153_1455,0.357103
2016_1153_1355,0.430523
2016_1153_1218,0.398112
2016_1153_1421,0.455602
2016_1153_1332,0.169675
2016_1153_1328,0.869255
2016_1153_1401,0.500000
2016_1153_1181,0.114099
2016_1153_1400,0.561355
2016_1153_1333,0.576172
2016_1153_1386,0.443124
2016_1153_1433,0.512342
2016_1153_1320,0.589270
2016_1153_1463,0.543315
2016_1153_1423,0.892874
2016_1153_1453,0.595488
2016_1153_1167,0.569626
2016_1153_1221,0.601660
2016_1153_1380,0.608058
2016_1433_1462,0.104748
2016_1433_1452,0.100858
2016_1433_1458,0.142744
2016_1433_1451,0.144227
2016_1433_1438,0.250000
2016_1433_1437,0.321740
2016_1433_1435,0.400541
2016_1433_1455,0.355216
2016_1433_1463,0.539684
2016_1433_1453,0.586260
2016_1320_1462,0.080024
2016_1320_1452,0.077814
2016_1320_1323,0.107219
2016_1320_1458,0.110888
2016_1320_1425,0.107336
2016_1320_1344,0.106422
2016_1320_1338,0.103515
2016_1320_1409,0.111599
2016_1320_1392,0.091727
2016_1320_1372,0.082960
2016_1320_1451,0.108769
2016_1320_1438,0.183470
2016_1320_1428,0.250000
2016_1320_1345,0.178879
2016_1320_1371,0.250000
2016_1320_1403,0.256708
2016_1320_1393,0.250000
2016_1320_1437,0.277802
2016_1320_1396,0.392357
2016_1320_1435,0.328269
2016_1320_1455,0.295644
2016_1320_1355,0.347445
2016_1320_1421,0.384615
2016_1320_1332,0.611582
2016_1320_1328,0.080935
2016_1320_1401,0.235648
2016_1320_1400,0.384615
2016_1320_1333,0.883454
2016_1320_1386,0.088814
2016_1320_1433,0.841814
2016_1320_1463,0.453186
2016_1320_1423,0.469327
2016_1320_1453,0.885182
2016_1320_1380,0.559081
2016_1423_1462,0.089478
2016_1423_1452,0.086567
2016_1423_1458,0.126634
2016_1423_1425,0.122078
2016_1423_1451,0.125553
2016_1423_1438,0.200639
2016_1423_1428,0.250000
2016_1423_1437,0.294138
2016_1423_1435,0.384615
2016_1423_1455,0.316052
2016_1423_1433,0.467680
2016_1423_1463,0.311347
2016_1423_1453,0.567260
2016_1453_1462,0.076351
2016_1453_1458,0.098501
2016_1453_1455,0.286035
2016_1453_1463,0.433398
2016_1167_1314,0.080132
2016_1167_1462,0.089336
2016_1167_1452,0.086786
2016_1167_1246,0.088787
2016_1167_1231,0.083772
2016_1167_1323,0.126338
2016_1167_1458,0.128906
2016_1167_1425,0.126801
2016_1167_1344,0.124937
2016_1167_1338,0.123312
2016_1167_1276,0.125014
2016_1167_1409,0.129590
2016_1167_1392,0.104589
2016_1167_1372,0.094204
2016_1167_1451,0.124901
2016_1167_1192,0.158689
2016_1167_1195,0.150017
2016_1167_1438,0.237091
2016_1167_1277,0.180447
2016_1167_1428,0.250000
2016_1167_1235,0.250000
2016_1167_1345,0.234770
2016_1167_1371,0.250000
2016_1167_1173,0.250000
2016_1167_1403,0.286929
2016_1167_1393,0.274381
2016_1167_1211,0.250000
2016_1167_1233,0.265134
2016_1167_1201,0.279485
2016_1167_1292,0.283421
2016_1167_1214,0.312203
2016_1167_1242,0.298182
2016_1167_1437,0.283442
2016_1167_1274,0.337540
2016_1167_1268,0.384615
2016_1167_1234,0.380799
2016_1167_1396,0.423871
2016_1167_1435,0.384615
2016_1167_1455,0.315818
2016_1167_1355,0.384615
2016_1167_1218,0.377114
2016_1167_1421,0.400948
2016_1167_1332,0.449977
2016_1167_1328,0.110522
2016_1167_1401,0.091235
2016_1167_1181,0.450143
2016_1167_1400,0.533303
2016_1167_1333,0.553904
2016_1167_1386,0.463347
2016_1167_1433,0.100282
2016_1167_1320,0.540991
2016_1167_1463,0.481268
2016_1167_1423,0.503674
2016_1167_1453,0.550123
2016_1167_1221,0.593877
2016_1167_1380,0.572232
2016_1221_1314,0.072111
2016_1221_1462,0.072193
2016_1221_1452,0.071658
2016_1221_1246,0.072483
2016_1221_1231,0.071908
2016_1221_1323,0.071853
2016_1221_1458,0.075437
2016_1221_1425,0.071612
2016_1221_1344,0.073291
2016_1221_1338,0.070582
2016_1221_1276,0.071213
2016_1221_1409,0.074878
2016_1221_1392,0.073130
2016_1221_1372,0.072511
2016_1221_1451,0.075138
2016_1221_1438,0.166938
2016_1221_1277,0.165606
2016_1221_1428,0.169644
2016_1221_1235,0.166088
2016_1221_1345,0.165963
2016_1221_1371,0.169469
2016_1221_1403,0.169348
2016_1221_1393,0.169159
2016_1221_1233,0.173806
2016_1221_1292,0.180277
2016_1221_1242,0.264727
2016_1221_1437,0.262808
2016_1221_1274,0.262309
2016_1221_1268,0.259296
2016_1221_1234,0.257544
2016_1221_1396,0.288084
2016_1221_1435,0.268145
2016_1221_1455,0.263183
2016_1221_1355,0.273349
2016_1221_1421,0.279716
2016_1221_1332,0.072794
2016_1221_1328,0.374977
2016_1221_1401,0.379326
2016_1221_1400,0.385635
2016_1221_1333,0.395104
2016_1221_1386,0.382365
2016_1221_1433,0.379328
2016_1221_1320,0.402820
2016_1221_1463,0.382725
2016_1221_1423,0.389274
2016_1221_1453,0.416223
2016_1221_1380,0.438271
2016_1380_1462,0.073350
2016_1380_1452,0.072194
2016_1380_1458,0.086959
2016_1380_1425,0.084609
2016_1380_1409,0.087919
2016_1380_1392,0.078595
2016_1380_1451,0.087534
2016_1380_1438,0.170808
2016_1380_1428,0.180496
2016_1380_1403,0.250000
2016_1380_1393,0.250000
2016_1380_1437,0.266292
2016_1380_1396,0.369168
2016_1380_1435,0.280271
2016_1380_1455,0.274186
2016_1380_1421,0.317980
2016_1380_1401,0.386302
2016_1380_1400,0.428052
2016_1380_1386,0.397826
2016_1380_1433,0.390277
2016_1380_1463,0.408570
2016_1380_1423,0.414915
2016_1380_1453,0.476078
